probe,case,metric,value
traversal,row_major,ns_per_element,0.302
traversal,col_major,ns_per_element,11.215
hierarchy,8192,ns_per_hop,2.598
hierarchy,16384,ns_per_hop,2.587
hierarchy,32768,ns_per_hop,2.646
hierarchy,65536,ns_per_hop,6.822
hierarchy,131072,ns_per_hop,6.833
hierarchy,262144,ns_per_hop,7.011
hierarchy,524288,ns_per_hop,14.414
hierarchy,1048576,ns_per_hop,24.123
hierarchy,2097152,ns_per_hop,27.284
hierarchy,4194304,ns_per_hop,29.213
hierarchy,8388608,ns_per_hop,36.538
hierarchy,16777216,ns_per_hop,115.059
hierarchy,33554432,ns_per_hop,140.891
hierarchy,67108864,ns_per_hop,158.309
hierarchy,134217728,ns_per_hop,171.558
